,Owner,Repo
0,Ko-kn3t,CVE-2020-25270
1,FasterXML,jackson-databind
2,tarantula-team,CSS-injection-in-Swagger-UI
3,bao7uo,RAU_crypto
4,eclipse-ee4j,mojarra
5,DaveGamble,cJSON
6,frohoff,ysoserial
7,libexpat,libexpat
8,missing0x00,CVE-2018-5354
9,grocy,grocy
10,libjpeg-turbo,libjpeg-turbo
11,vulnbe,poc-yaws-dav-xxe
12,libproxy,libproxy
13,Icinga,icingaweb2
14,Ko-kn3t,CVE-2020-25271
15,jamesagnew,hapi-fhir
16,bobfuzzer,CVE
17,CendioOssman,tigervnc
18,ImageMagick,ImageMagick
19,libgd,libgd
20,FasterXML,jackson-modules-java8
21,radare,radare2
22,openvswitch,ovs
23,envoyproxy,envoy
24,hannob,optionsbleed
25,vt-middleware,cryptacular
26,bluecity,CMS
27,LibRaw,LibRaw
28,missing0x00,CVE-2018-5353
29,pluxml,PluXml
30,NLnetLabs,routinator
31,oauthjs,node-oauth2-server
32,gpac,gpac
33,libarchive,libarchive
34,kevinbackhouse,SecurityExploits
35,libssh2,libssh2
36,alibaba,nacos
37,glpi-project,glpi
38,GetSimpleCMS,GetSimpleCMS
39,halo-dev,halo
40,lodestone-security,CVEs
41,TYPO3,Fluid
42,gdraheim,zziplib
43,aldeed,simpl-schema
44,plataformatec,devise
45,Fluorohydride,ygopro
46,oauth-xx,oauth-ruby
47,Ko-kn3t,CVE-2020-25273
48,tenable,routeros
49,Ko-kn3t,CVE-2020-25272
50,kr0za,bugs
51,vulnbe,poc-yaws-cgi-shell-injection
52,goharbor,harbor
53,pypa,pip
54,pluck-cms,pluck
55,bzyo,cve-pocs
56,ory,fosite
57,tensorflow,tensorflow
58,hacklcx,HFish
59,anx1ang,cve_requests
60,jenaye,aapanel
61,DrunkenShells,Disclosures
62,eclipse,xtext-xtend
63,missing0x00,CVE-2020-26061
64,illumos,illumos-gate
65,arachnys,cabot
66,DevGroup-ru,dotplant2
67,dbry,WavPack
68,boku7,tailorMS-rXSS-Keylogger
69,antchfx,xmlquery
70,phaag,nfdump
71,bodil,sized-chunks
72,mdadams,jasper
73,Ko-kn3t,CVE-2020-25487
74,mumble-voip,mumble
75,thomasfady,CVE-2020-25867
76,FrontAccountingERP,FA
77,hyperium,http
78,kubernetes,kubernetes
79,nginx,njs
80,BlackCatDevelopment,BlackCatCMS
81,zoujingli,ThinkAdmin
82,sooraj24,new
83,ImpressCMS,impresscms
84,inunosinsi,soycms
85,PHPMailer,PHPMailer
86,erlyaws,yaws
87,osquery,osquery
88,kn007,silk-v3-decoder
89,AU-COVIDSafe,mobile-android
90,alwentiu,CVE-2020-14292
91,TeamSeri0us,pocs
92,inspircd,inspircd
93,torvalds,linux
94,uclouvain,openjpeg
95,php-fusion,PHP-Fusion
96,jgm,peg-markdown
97,mity,md4c
98,bludit,bludit
99,ShielderSec,CVE-2020-11579
100,CCCCCrash,POCs
101,lukaszstu,SmartAsset-CORS-CVE-2020-26527
102,netty,netty
103,eddietcc,CVEnotes
104,trentm,json
105,Fadavvi,CVE-2018-17431-PoC#confirmation-than-bug-exist-2018-09-25-ticket-id-xwr-503-79437
106,xuxueli,xxl-job
107,hyd3sec,TravelManagementSystemRCE
108,rapid7,metasploit-framework
109,LuaJIT,LuaJIT
110,Codiad,Codiad
111,inflixim4be,User-Enumeration-on-Umanni-RH
112,verdammelt,tnef
113,hyd3sec,HouseRental_Unauth_RCE
114,FreeRDP,FreeRDP
115,hacksparrow,safe-eval
116,Gr3gPr1est,BugReport
117,jerryscript-project,jerryscript
118,contiki-ng,contiki-ng
119,milkytracker,MilkyTracker
120,starnightcyber,Miscellaneous
121,fragrant10,cve
122,NavigateCMS,Navigate-CMS
123,gunet,openeclass
124,rails,rails
125,jtesta,gog_galaxy_client_service_poc
126,Sylius,SyliusResourceBundle
127,russellhaering,goxmldsig
128,rust-lang,rust
129,w4fz5uck5,wp-file-manager-0day
130,godotengine,godot
131,johnkerl,miller
132,Exiv2,exiv2
133,pts,sam2p
134,fouzhe,security
135,dariomanesku,cmft
136,itodaro,cve
137,hyd3sec,CarRentalManagement-Unauth-RCE-WebApp
138,FLIF-hub,FLIF
139,samuelhuntley,Moxa_AWK_1121
140,jdordonezn,CVE-2020-72381
141,dominictarr,event-stream
142,bitpay,copay
143,nothings,stb
144,cn-uofbasel,ccn-lite
145,PAGalaxyLab,VulInfo
146,leesavide,abcm2ps
147,magicj3lly,appexploits
148,ChijinZ,security_advisories
149,kermitt2,pdfalto
150,grandnew,software-vulnerabilities
151,justinsteven,advisories
152,golang,go
153,sickcodes,security
154,thejinchao,jpeg_encoder
155,ebel34,bpg-web-encoder
156,BrianWGray,msf
157,V1n1v131r4,CSRF-on-ArGoSoft-Mail-Server
158,qoli,Merlin.PHP
159,AndrewScheidecker,WAVM
160,bbbrumley,portsmash
161,mz-automation,libiec61850
162,tsfn,doc2txt
163,jenaye,pligg
164,SegfaultMasters,covering360
165,qpdf,qpdf
166,michaelrsweet,mxml
167,sandboxescape,Sandboxie-5.26-Sandbox-Escape-Exploit
168,ntu-sec,pocs
169,epistemophilia,CVEs
170,mpruett,audiofile
171,dropbox,lepton
172,agambier,libsvg2
173,MauroEldritch,lempo
174,maxieds,ChameleonMiniLiveDebugger
175,AvaterXXX,JTBC
176,toiron,setest
177,MidnightBSD,src
178,inflixim4be,Brute-Force-on-Umanni-RH
179,WhooAmii,whooamii.github.io
180,jansol,LuPng
181,danijar,definitions
182,libming,libming
183,flypuma,vul
184,brackeen,ok-file-formats
185,sass,libsass
186,sek1th,iot
187,Snowty,myCVE
188,zyingp,temp
189,VirusTotal,yara
190,bnbdr,swisscheese
191,ansible,ansible
192,google,security-research
193,Ramikan,Vulnerabilities
194,r0ck3t1973,xss_payload
195,mirumee,saleor
196,PrestaShop,PrestaShop
197,theart42,cves
198,whitehatdefenses,KlicUnLock
199,erusev,parsedown
200,sischkg,xfer-limit
201,cobub,razor
202,itodaro,doorGets_cve
203,pr0v3rbs,CVE
204,halfbitteam,POCs
205,containous,traefik
206,ereisr00,bagofbugz
207,mirchr,security-research
208,X-C3LL,PoC-CVEs
209,philippe,FrogCMS
210,coolboy0816,audit
211,roundcube,roundcubemail
212,OpenAPITools,openapi-generator
213,summ3rf,Vulner
214,wizlab-it,anviz-m3-rfid-cve-2019-11523-poc
215,EOSIO,eos
216,dinhvh,libetpan
217,apriorit,pentesting
218,aliasrobotics,RVD
219,nulsect0r,CVE-2019-12889
220,fuzzywalls,TRENDNetExploits
221,SouhailHammou,Panda-Antivirus-LPE
222,PyconUK,ConferenceScheduler-cli
223,fuzzlove,eLabFTW-1.8.5-EntityController-Arbitrary-File-Upload-RCE
224,contain-rs,linked-hash-map
225,xbmc,xbmc
226,i3umi3iei3ii,CentOS-Control-Web-Panel-CVE
227,mm2,Little-CMS
228,axiomatic-systems,Bento4
229,jhipster,jhipster-kotlin
230,jhipster,generator-jhipster
231,netblue30,firejail
232,b3log,wide
233,jbroadway,elefant
234,PanguL4b,pocs
235,kmkz,exploit
236,espocrm,espocrm
237,zxlie,FeHelper
238,NtRaiseHardError,Antimalware-Research
239,mehsauce,kowasuos
240,adplug,adplug
241,darkmentorllc,jackbnimble
242,flack,openpsa
243,ankane,field_test
244,tintinweb,pub
245,NLnetLabs,nsd
246,InnotecSystem,Device-Reversing
247,reevesrs24,CVE
248,notkisi,CVE-s
249,Piwigo,Piwigo
250,sungjungk,keyring_crack
251,rubyzip,rubyzip
252,MostafaSoliman,Security-Advisories
253,gradle,gradle
254,idreamsoft,iCMS
255,alexazhou,VeryNginx
256,miniupnp,ngiflib
257,knik0,faad2
258,slicer69,doas
259,caokang,waimai
260,antirez,redis
261,antirez,kilo
262,badnack,Insteon_2864-222
263,rockcarry,ffjpeg
264,RIOT-OS,RIOT
265,wtfutil,wtf
266,botlabsDev,CVE-2020-11881
267,OctopusDeploy,Issues
268,dahua966,Routers-vuls
269,beerpwn,CVE
270,sdnewhop,sdwannewhope
271,gusrmsdlrh,CVE-Reserved2
272,shyiko,ktlint
273,ricardojoserf,CVE-2019-19033
274,AvaterXXX,laobanCMS
275,novysodope,empireCMS7.5
276,fuzzywalls,CVE-2019-10999
277,QingdaoU,OnlineJudge
278,istio,istio
279,iamweifan,jooan
280,RootSoull,Vuln-Poc
281,ellwoodthewood,tellabs_rce
282,0x8b30cc,DSL-2680-Multiple-Vulnerabilities
283,bigtreecms,BigTree-CMS
284,glennrp,libpng
285,EduSec,EduSec
286,opencv,opencv
287,rubygems,rubygems.org
288,qbittorrent,qBittorrent
289,saitoha,libsixel
290,haproxy,haproxy
291,nepenthe0320,cve_poc
292,dzflack,exploits
293,scarvell,grandstream_exploits
294,Kirin-say,Vulnerabilities
295,garis,Fastgate
296,Thinstation,thinstation
297,icon-project,loopchain
298,kornelski,rust-rgb
299,Sigil-Ebook,flightcrew
300,SuperSalsa20,Doccms-Execute-Code
301,FreySolarEye,CVE
302,mikedamm,CVEs
303,directus,api
304,rancher,rancher
305,Wocanilo,CVE-2019-14537
306,zi0Black,POC-CVE-2018-0114
307,0katz,CVE-2019-12476
308,kkos,oniguruma
309,makandra,consul
310,boku7,StockManagement-XSS-Login-CredHarvester
311,havok89,Hoosk
312,sargun,fuse-example
313,B3Bo1d,CVE-2019-13403
314,fmtlib,fmt
315,gdnsd,gdnsd
316,jogetworkflow,jw-community
317,Slovejoy,dnsmasq-pre2.76
318,axiomatic-systems,bento4
319,xiaoqx,pocs
320,openexr,openexr
321,seedis,zzcms
322,agadient,SERVEEZ-CVE
323,pippo-java,pippo
324,xujeff,tianti
325,GreenCMS,GreenCMS
326,Cacti,cacti
327,Bo0oM,PHP_imap_open_exploit
328,iSafeBlue,freeswitch_rce
329,tarantula-team,CVE-2019-19012
330,hfp,libxsmm
331,d4wner,Vulnerabilities-Report
332,decentL,IoT
333,symphonycms,symphony-2
334,cesanta,mongoose
335,tim124058,ASUS-SmartHome-Exploit
336,zldww2011,CVE-2018-0802_POC
337,rxwx,CVE-2018-0802
338,arrow-kt,arrow
339,arrow-kt,ank
340,MacDownApp,macdown
341,Matheus-Garbelini,esp32_esp8266_attacks
342,ZIllR0,Routers
343,splitbrain,dokuwiki
344,calamares,calamares
345,seqred-s-a,cve-2019-14326
346,GitHubAssessments,CVE_Assessment_05_2018
347,netdata,netdata
348,cnlh,nps
349,xCss,Valine
350,imagemlt,metinfo
351,Jacquais,BlinkVuln
352,jakgibb,nagiosxi-root-rce-exploit
353,bi7s,CVE
354,bagisto,bagisto
355,VulDetailsPublication,Poc
356,Imanfeng,fastadmin
357,gusrmsdlrh,CVE-2019-18195
358,ChandlerChin,Dlink_vuls
359,cl0udz,vulnerabilities
360,xseignard,rpi
361,alkacon,opencms-core
362,typora,typora-issues
363,matomo-org,matomo
364,webbukkit,dynmap
365,srsec,-srsec-
366,embedthis,goahead
367,psytester,psytester.github.io
368,michaelrsweet,codedoc
369,markgruffer,markgruffer.github.io
370,troglobit,ssdp-responder
371,matrixssl,matrixssl
372,angeloanatrella86,CVE-2019
373,kvesteri,validators
374,radareorg,radare2
375,marcIhm,yabasic
376,LibreDWG,libredwg
377,underprotection,CVE-2019-19550
378,upx,upx
379,CESNET,libyang
380,tbeu,matio
381,V1n1v131r4,Exploiting-Postie-WordPress-Plugin-
382,jonschlinkert,kind-of
383,svgpp,svgpp
384,proofofcalc,cve-2019-6453-poc
385,westes,flex
386,labapart,gattlib
387,insi2304,MQTTRoute-fuzz
388,Fire30,CTF-WRITEUPS
389,jbeder,yaml-cpp
390,0xcc-Since2016,TP-Link-WDR-Router-Command-injection_POC
391,gongfuxiang,shopxo
392,fs0c131y,ESFileExplorerOpenPortVuln
393,kk98kk0,exploit
394,ZoneMinder,zoneminder
395,c610,tmp
396,OpenSC,OpenSC
397,cvereveal,CVEs
398,leonW7,D-Link
399,MalFuzzer,Vulnerability-Research
400,FantasticLBP,Hotels_Server
401,panghusec,exploit
402,bmantra,bmantra.github.io
403,rgaufman,live555
404,lieanu,vuls
405,bl4ckic3,GHS-Bugs
406,xw77cve,CVE-2019-7642
407,LoRexxar,CVE_Request
408,nafiez,nafiez.github.io
409,WebAssembly,binaryen
410,ManhNDd,CVE-2019-19204
411,DoubleLabyrinth,SdoKeyCrypt-sys-local-privilege-elevation
412,eclipse,wakaama
413,AvaterXXX,CVEs
414,seacms,seacms-v7.2
415,grayoneday,CVE-2019-9653
416,ekultek,cve-2019-7216
417,jetiben,jtbc
418,hashicorp,consul
419,richardgirges,express-fileupload
420,eset,vulnerability-disclosures
421,Self-Evident,OneFileCMS
422,solidusio,solidus
423,zhuowei,worthdoingbadly.com
424,prometheus,blackbox_exporter
425,Fysac,CVE-2019-20326
426,json-c,json-c
427,symphonycms,symphonycms
428,faye,faye-websocket-ruby
429,MrRio,jsPDF
430,faye,faye
431,tinymce,tinymce
432,megamagnus,cve-2020-15956
433,dlitz,pycrypto
434,FriendsOfTYPO3,mediace
435,ccxvii,mujs
436,bobfuzzer,CVE-2019-18885
437,s-kustm,Subodh
438,wshepherd0010,advisories
439,manvel-khnkoyan,jpv
440,neex,phuip-fpizdam
441,ankane,chartkick
442,trusteddomainproject,OpenDMARC
443,google,go-tpm
444,b3log,symphony
445,sungjungk,whoopsie_killer
446,chillzhuang,SpringBlade
447,bminor,bash
448,ossec,ossec-hids
449,mozilla,mozjpeg
450,sungjungk,whoopsie_killer2
451,vladvector,vladvector.github.io
452,BlockChainsSecurity,EtherTokens
453,cybersecurityworks,Disclosed
454,erikd,libsndfile
455,pratikshad19,CVE-2020-15053
456,ethereumjs,ethereumjs-vm
457,Debian,apt
458,inflixim4be,CVE-2020-15392
459,wsummerhill,BSA-Radar_CVE-Vulnerabilities
460,sulu,sulu
461,418sec,huntr
462,dojo,dojo
463,Critical-Start,Team-Ares
464,projectatomic,bubblewrap
465,haiwen,seafile-client
466,kjur,jsrsasign
467,raspberrytorte,tortoise
468,mruby,mruby
469,mimblewimble,grin-security
470,chocolate-doom,chocolate-doom
471,CLP-team,Vigor-Commond-Injection
472,lajarajorge,CVE-2017-1000475
473,qurbat,gpon
474,osTicket,osTicket
475,DylanVann,react-native-fast-image
476,troglobit,uftpd
477,pratikshad19,CVE-2020-15052
478,pratikshad19,CVE-2020-15051
479,indutny,elliptic
480,security-provensec,CVE-2018-19599
481,boiteasite,cmsuno
482,InfoSec4Fun,CVE-2020-13158
483,pramodmahato,BlogCMS
484,cpandya2909,CVE-2020-15778
485,micwallace,wallacepos
486,inflixim4be,CVE-2020-15367
487,cherokee,webserver
488,dexterone,Vigor-poc
489,GilaCMS,gila
490,jaygreig86,dmitry
491,EmreOvunc,WebPort-v1.19.1-Reflected-XSS
492,sockjs,sockjs-node
493,andsnw,sockjs-dos-py
494,EmreOvunc,FileRun-Vulnerabilities
495,w3irdo001,demo
496,Shopify,quilt
497,jenaye,KumbiaPHP-
498,monstra-cms,monstra
499,kuc001,IoTFirmware
500,opencart,opencart
501,Ysurac,FlightAirMap
502,wrongsid3,Sysax-MultiServer-6.90-Multiple-Vulnerabilities
503,sartlabs,OSCE-Prep
504,XiphosResearch,exploits
505,salesagility,SuiteCRM
506,jquery,api.jqueryui.com
507,ansible-collections,kubernetes
508,hessandrew,CVE-2020-13884
509,tendermint,tendermint
510,wolfcms,wolfcms
511,emoncms,emoncms
512,flask-admin,flask-admin
513,theguly,exploits
514,kbgsft,vuln-dext5editor
515,kevva,url-regex
516,sysstat,sysstat
517,lathiat,avahi
518,FiyoCMS,FiyoCMS
519,grafana,grafana
520,fuzzlove,ATutor-2.2.4-Language-Exploit
521,vanillaforums,Garden
522,d7x,CVE-2020-12432
523,y5s5k5,CVE-2020-13634
524,igrigorik,em-http-request
525,modzero,MZ-20-02-NETGEAR-Orbi-Security
526,rishaldwivedi,Public_Disclosure
527,contentful,the-example-app.py
528,Mochazz,Mochazz.github.io
529,0FuzzingQ,vuln
530,Submitty,Submitty
531,jupyterhub,kubespawner
532,sleuthkit,sleuthkit
533,fireeye,Vulnerability-Disclosures
534,fierceoj,ownklok
535,normanluhrmann,infosec
536,BrunoBulle,GNUTeca3.8
537,OpenVPN,openvpn
538,kbgsft,vuln-AIWAF
539,getredash,redash
540,python,cpython
541,kevva,decompress
542,nilsteampassnet,TeamPass
543,ohler55,agoo
544,onkyoworm,poc
545,belong2yourself,vulnerabilities
546,agentejo,cockpit
547,Ideame,paypal-adaptive-sdk-nodejs
548,DivanteLtd,vue-storefront-api
549,nathunandwani,shareit-cwe-789
550,openemr,openemr
551,Frichetten,CVE-2020-11108-PoC
552,Loginsoft-Research,hdf5-reports
553,kbgsft,vuln-dext5upload
554,memcached,memcached
555,croogo,croogo
556,domenic,svg2png
557,antonraharja,playSMS
558,Guilherme-Rubert,CVE-2020-9461
559,proglottis,gpgme
560,wagtail,wagtail
561,jenaye,cve
562,axel-download-accelerator,axel
563,dojo,dojox
564,gbarr,perl-Convert-ASN1
565,jooby-project,jooby
566,node-modules,jscover
567,j-holub,Node-MPV
568,OWASP,json-sanitizer
569,14isnot40,vul_discovery
570,Venan24,SCMS
571,umarfarook882,Avast_Multiple_Vulnerability_Disclosure
572,Daniel-itsec,AdvancedSystemCare
573,stedolan,jq
574,hestiacp,hestiacp
575,mulesoft,apikit
576,gottburgm,Exploits
577,vim,vim
578,containers,buildah
579,nathan7,fun-map
580,v1k1ngfr,exploits-rconfig
581,azkaban,azkaban
582,evanmiller,libxls
583,Project-Pier,ProjectPier-Core
584,monkey,monkey
585,slims,slims8_akasia
586,deeplook,svglib
587,hook-s3c,CVE-2018-11776-Python-PoC
588,cinzinga,CVEs
589,intelliants,subrion
590,easybuilders,easybuild-framework
591,twitter,secure_headers
592,huzaifahussain98,CVE-2019-17525
593,manolo,gwtupload
594,sipa,bitcoin
595,cyrillos,nasm
596,mpgn,CVE-2019-3799
597,EnginDemirbilek,EnginDemirbilek.github.io
598,argoproj,argo-cd
599,AntonKueltz,fastecdsa
600,s1kr10s,Sumavision_EMR3.0
601,clarkgrubb,data-tools
602,dropwizard,dropwizard
603,brianmario,yajl-ruby
604,Jian-Xian,CVE-POC
605,J3rryBl4nks,GenixCMS
606,munkireport,munkireport-php
607,kyletimmermans,blackboard-xss
608,enferex,pdfresurrect
609,l0nax,CVE-2019-15233
610,seqred-s-a,gxdlmsdirector-cve
611,Wh1t3Rh1n0,exploits
612,Nat-Lab,CVE-2018-5951
613,skvadrik,re2c
614,eclipse,che
615,maptiler,tileserver-gl
616,ElberTavares,routers-exploit
617,EyesOfNetworkCommunity,eonconf
618,phpmyadmin,phpmyadmin
619,J3rryBl4nks,PHPMyChatPlus
620,trentm,python-markdown2
621,faizzaidi,Zurmo-Stable-3.1.1-XSS-By-Provensec-LLC
622,thingsSDK,wifiscanner
623,mssalvatore,CVE-2019-14751_PoC
624,the-girl-who-lived,CVE-2020-11539
625,helm,helm
626,phpipam,phpipam
627,jsj730sos,cve
628,adeoluwa-adebiyi,Mikrotik-Router-Monitoring-System
629,seemoo-lab,frankenstein
630,diegohaz,querymen
631,VenusADLab,EtherTokens
632,y5s5k5,CVE-2020-14955
633,InfoSec4Fun,CVE-2020-13159
634,ProCheckUp,SafeScan
635,Cossack9989,Vulns
636,MichaelAquilina,zsh-autoswitch-virtualenv
637,SpengeSec,CVE-2019-19699
638,zephyrproject-rtos,zephyr
639,fkie-cad,FACT_core
640,appneta,tcpreplay
641,s3inlc,hashtopussy
642,EyesOfNetworkCommunity,eonweb
643,s3131212,allendisk
644,vmware,harbor
645,mitre,caldera
646,openwrt,luci
647,go-macaron,macaron
648,TheCyberGeek,CVE-2020-5844
649,y5s5k5,CVE-2020-13646
650,HotelsDotCom,styx
651,mclab-hbrs,BBB-POC
652,hessandrew,CVE-2020-13885
653,Katee,git-bomb
654,njhartwell,pw3nage
655,hessandrew,CVE-2020-9442
656,buger,jsonparser
657,xiayulei,open_source_bms
658,nangge,noneCms
659,pusher,oauth2_proxy
660,yhirose,cpp-httplib
661,leona4040,PSG-6528VM-xss
662,nodef,heroku-addonpool
663,redpwn,rctf
664,trippo,ResponsiveFilemanager
665,osmandapp,Osmand
666,go-gitea,gitea
667,threat9,routersploit
668,quaertym,compass-compile
669,ConradIrwin,em-imap
670,bitcoin,bitcoin
671,micronaut-projects,micronaut-core
672,jensregel,Advisories
673,viewvc,viewvc
674,s1kr10s,EasyChatServer-DOS
675,cardgate,woocommerce
676,domainmod,domainmod
677,lzlzh2016,MaeloStore
678,anchorcms,anchor-cms
679,migueltarga,CVE-2020-9380
680,Guilherme-Rubert,CVE-2020-9460
681,cardgate,magento2
682,ladinas,Vulns_of_Embedded_Systems
683,lolo-pop,poc
684,mongoid,moped
685,iximiuz,node-diskusage-ng
686,RioIsDown,TC7337
687,USCiLab,cereal
688,rdf-ext-archive,rdf-graph-array
689,eSecure-CVEs,CVEs
690,saddean,research
691,gogs,gogs
692,J3rryBl4nks,eLection-TriPath-
693,sparklemotion,nokogiri
694,Ettercap,ettercap
695,safecomet,EtherTokens
696,ua-parser,uap-core
697,0xEmma,CVEs
698,J3rryBl4nks,CandidATS
699,Pylons,waitress
700,J3rryBl4nks,IceHRM
701,websecnl,LabVantage8.3-Exploit
702,klen,python-mode
703,J3rryBl4nks,SOPlanning
704,ManhNDd,CVE-2019-19203
705,hellowuzekai,blockchains
706,V1n1v131r4,Exploiting-WP-Database-Backup-WordPress-Plugin
707,kolya5544,BearFTP
708,codingdream,anyshare_vul
709,matestack,matestack-ui-core
710,seqred-s-a,cve-2019-14514
711,ver007,testlink-1.9.19-sqlinject
712,TestLinkOpenSourceTRMS,testlink-code
713,niteosoft,simplejobscript
714,linuxmint,mintupdate
715,mitreid-connect,OpenID-Connect-Java-Spring-Server
716,ClearCanvas,ClearCanvas
717,harshit-shukla,CVE
718,libav,libav
719,jra89,CVE-2019-20059
720,matuhn,Research
721,joyplus,joyplus-cms
722,J3rryBl4nks,CUPSEasyExploits
723,hgarcia,curling
724,antonreshetov,massCode
725,0xedh,someshit
726,V1n1v131r4,Exploiting-WP-Htaccess-by-BestWebSoft-Plugin
727,J3rryBl4nks,SchoolERPCSRF
728,maroueneboubakri,CVE
729,yarnpkg,yarn
730,dotCMS,core
731,offensive-security,exploitdb
732,tufangungor,tufangungor.github.io
733,theyiyibest,Reflected-XSS-on-SockJS
734,Perl-Toolchain-Gang,File-Temp
735,atredispartners,advisories
736,Lyrebirds,Cable-Haunt-Report
737,someone42,hardware-bitcoin-wallet
738,redis,hiredis
739,opencast,opencast
740,hoene,libmysofa
741,Heartway,simditor
742,krb5,krb5
743,pkubowicz,opendetex
744,dwfault,AirTokens
745,weikengchen,attack-on-libgcrypt-elgamal
746,fontforge,fontforge
747,containers,libpod
748,chengcheng227,CVE-POC
749,colloqi,piSignage
750,mikaku,Monitorix
751,SmartContractResearcher,SmartContractSecurity
752,PrivateBin,PrivateBin
753,NationalSecurityAgency,ghidra
754,ganglia,ganglia-web
755,itm4n,CVEs
756,Lyrebirds,Fast8690-exploit
757,ros,ros_comm
758,fontforge,libspiro
759,Mad-robot,CVE-List
760,jra89,CVE-2019-19735
761,gopro,gpmf-parser
762,uvoteam,libdoc
763,jra89,CVE-2019-19734
764,jra89,CVE-2019-19733
765,archerysec,archerysec
766,michaelrsweet,htmldoc
767,HashBrownCMS,hashbrown-cms
768,verot,class.upload.php
769,V1n1v131r4,MIME-Confusion-Attack-on-Midori-Browser
770,michaelforney,samurai
771,theupdateframework,tuf
772,open-lambda,open-lambda
773,bolt,bolt
774,warner,python-ecdsa
775,purpl3-f0x,exploit-dev
776,gluxon,CVE-2018-13257
777,wssgcsc58,CVEs
778,butterflyhack,hunspell-crash
779,kairosdb,kairosdb
780,fuzzlove,FUDforum-XSS-RCE
781,nccgroup,TriforceLinuxSyscallFuzzer
782,wolfSSL,wolfssl
783,klezVirus,cves
784,V1n1v131r4,HGB10R-2
785,harshit-shukla,CVE-2019-19368
786,blackarrowsec,advisories
787,wuzhicms,wuzhicms
788,ele7enxxh,poc-exp
789,PebbleTemplates,pebble
790,snyk,zip-slip-vulnerability
791,Legrandin,pycryptodome
792,sebsauvage,Shaarli
793,Andhrimnirr,ClonOS-WEB-control-panel-multi-vulnerability
794,ktorio,ktor
795,m0rph-1,CVE-2019-19383
796,jra89,CVE-2019-19738
797,jbouse-debian,libesmtp
798,gusrmsdlrh,CVE-Reserved3
799,jra89,CVE-2019-19732
800,ant-design,ant-design-pro
801,sunhater,kcfinder
802,marc-q,libwav
803,d00rt,pedicom
804,pandao,editor.md
805,filipi86,ConnectBoxDOCSIS-3.0
806,DelspoN,CVE
807,aress31,cve-2017-12945
808,lighttpd,lighttpd1.4
809,axi0mX,alloc8
810,miekg,dns
811,monoxgas,mailorder
812,PopojiCMS,PopojiCMS
813,sbaresearch,advisories
814,Elias-Black,Landing-CMS
815,guardian,html-janitor
816,cthackers,adm-zip
817,Cherry-toto,jizhicms
818,williamkapke,bson-objectid
819,centreon,centreon
820,RhinoSecurityLabs,CVEs
821,typestack,class-validator
822,QuizandSurveyMaster,quiz_master_next
823,libyal,libfwsi
824,z-song,laravel-admin
825,shi-yang,jnoj
826,UltramanGaia,Xiaomi_Mi_WiFi_R3G_Vulnerability_POC
827,gotenigatien,Xorux-critical-vulnerability
828,linhlhq,research
829,gerwout,CVE-2019-9596-and-CVE-2019-9597
830,modoboa,modoboa-dmarc
831,ianxtianxt,gitbook-xss
832,anx1ang,notes
833,newbee-ltd,newbee-mall
834,ivoschyk-cs,exploit_wp
835,Ers4tz,vuln
836,blau72,CVE-2018-20250-WinRAR-ACE
837,HotaruCMS,HotaruCMS
838,ramboxapp,community-edition
839,rootclay,Audit-of-smart-contracts
840,JameelNabbo,exploits
841,Dmitriy-area51,Exploit
842,baijunyao,laravel-bjyblog
843,simpleledger,slpjs
844,CylanceVulnResearch,disclosures
845,gusrmsdlrh,CVE-PE204
846,jra89,CVE-2019-19576
847,JacksonGL,NPM-Vuln-PoC
848,mastercactapus,proxyprotocol
849,illagrenan,django-make-app
850,sketler,sketler.github.io
851,xiaoxiongwang,security
852,chjj,marked
853,kbgsft,vuln-limesurvey
854,badnack,wemo_dos
855,sosreport,sos-collector
856,monburan,attack-baijiacmsV4-with-csrf
857,badnack,d_link_880_bug
858,i18next,i18next
859,modxcms,revolution
860,fecshop,yii2_fecshop
861,balderdashy,waterline
862,PaulLereverend,NextcloudVideo_Converter
863,jfhbrook,node-ecstatic
864,rpm-software-management,libcomps
865,ARMmbed,mbed-os
866,opencontainers,runc
867,Andhrimnirr,Mintinstall-object-injection
868,aas-n,CVE
869,eclipse,buildship
870,cactus,go-camo
871,joyent,node
872,ruibaby,halo
873,zer0yu,CVE_Request
874,punkave,sanitize-html
875,tinylcy,vino
876,kbgsft,vuln-wbce
877,hisdeedsaredust,ttembed
878,eloygn,IT_Security_Research_WirelessIP_camera_family
879,mozilla,nunjucks
880,matt-,nunjucks_test
881,FurqanKhan1,CVE-2019-13497
882,Tardis07,CVE_GO
883,lolipop1234,XXD
884,hapijs,hapi
885,hessandrew,CVE-2019-17124
886,jfinal,jfinal
887,libyal,liblnk
888,LavaLite,cms
889,libtom,libtomcrypt
890,WPO-Foundation,webpagetest
891,dayrui,xunruicms
892,M4ple,vulnerability
893,Fabrik,fabrik
894,zenspider,ruby_parser-legacy
895,miruser,Roche-CVEs
896,FurqanKhan1,CVE-2019-13496
897,ruby-grape,grape
898,request,request
899,restify,node-restify
900,fastify,fastify
901,minecrater,exploits
902,proftpd,proftpd
903,ceph,ceph-iscsi-cli
904,bgeesaman,subpath-exploit
905,openSUSE,open-build-service
906,ZJONSSON,node-unzipper
907,espreto,wpsploit
908,hackerlib,hackerlib-vul
909,fluent,fluent-bit
910,mqttjs,mqtt-packet
911,mcollina,mosca
912,felixge,node-mysql
913,mholt,archiver
914,skoranga,node-dns-sync
915,KPN-CISO,CVE-2019-9745
916,jonschlinkert,remarkable
917,PwnMonkeyLab,YaleDoorlockVulnerability
918,sari3l,cve-test
919,marcobambini,gravity
920,Gitaddy,vluns
921,itm4n,bmc-patrol-mcmnm-privesc
922,sequelize,sequelize
923,Adhouma,cms
924,get,parsejson
925,evi1code,Just-for-fun
926,c0mmand3rOpSec,CVE-2017-10271
927,GitbookIO,gitbook
928,vanhoefm,krackattacks-test-ap-ft
929,ChALkeR,notes
930,grails,grails-core
931,numpy,numpy
932,tenable,poc
933,LucvanDonk,Siemens-Siemens-PLM-Software-TEAMCENTER-Reflected-Cross-Site-Scripting-XSS-vulnerability
934,openshift,console
935,codehaus-plexus,plexus-archiver
936,broofa,node-mime
937,jprichardson,string.js
938,garycourt,uri-js
939,fedora-infra,bodhi
940,rubygems,rubygems
941,ansible,ansible-modules-core
942,node-modules,charset
943,node-js-libs,cli
944,XiaOkuoAi,XiaOkuoAi.github.io
945,hackmdio,codimd
946,emlog,emlog
947,Blck4,blck4
948,libofx,libofx
949,chunibalon,Vulnerability
950,rubyfly,Vir.IT-explorer_POC
951,tadashi-aikawa,owlmixin
952,Icinga,icinga2
953,coincoin7,Wireless-Router-Vulnerability
954,systemd,systemd
955,L1ZhaoXin,Router-Vulnerability-Research
956,lixmk,Concierge
957,semplon,GeniXCMS
958,ohler55,ox
959,bbengfort,confire
960,ilsani,rd
961,faizzaidi,TYPO3-v7.6.15-Unencrypted-Login-Request
962,LibreHealthIO,lh-ehr
963,itodaro,cmsms_cve
964,Pylons,colander
965,libimobiledevice,libplist
966,BastilleResearch,CableTap
967,rebol0x6c,2345_mouse_poc
968,zblogcn,zblogphp
969,mefulton,asustorexploit
970,kings-way,deepinhack
971,xMagass,bandexploit
972,nettitude,metasploit-modules
973,OpenKMIP,PyKMIP
974,rebol0x6c,2345poc
975,Nhoya,MycroftAI-RCE
976,ben-strasser,fast-cpp-csv-parser
977,xdrr,vulnerability-research
978,bbatsov,rubocop
979,Orc,discount
980,liblouis,liblouis
981,Edward-L,fuzzing-pocs
982,imsebao,404team
983,arbahayoub,POC
984,AJ-SA,Zoho-ManageEngine
985,codeplea,genann
986,ParsingTeam,ppsx-file-generator
987,tezukanice,Office8570
988,bitsadmin,exploits
989,m0us3Sun,PHPCMS-v9
990,wwwws1234,ucms
991,bzyo,CVE-PoCs
992,espruino,Espruino
993,SadFud,Exploits
994,rebol0x6c,2345_wm_syscommand
995,EgeBalci,LG-Smart-IP-Device-Backup-Download
996,saaramar,execve_exploit
997,PatatasFritas,PatataWifi
998,vim-syntastic,syntastic
999,ckolivas,lrzip
1000,lfittl,libpg_query
1001,ldpreload,Disclosure
1002,KINGSABRI,CVE-in-Ruby
1003,eddietcc,CVE-Bins
1004,Athlon1600,php-proxy-app
1005,alt3kx,CVE-2018-12596
1006,rebol0x6c,2345_msg_poc
1007,zadewg,LIVEBOX-0DAY
1008,nkbai,defcon26
1009,richgel999,miniz
1010,can1357,CVE-2018-8897
1011,ethereum,go-ethereum
1012,mefulton,CVE-2018-11510
1013,Tanganelli,CoAPthon3
1014,WizardMac,ReadStat
1015,aubio,aubio
1016,arnobl,latexdraw
1017,Neeke,HongCMS
1018,jollheef,libreoffice-remote-arbitrary-file-disclosure
1019,dtschump,CImg
1020,GitHubAssessments,CVE_Assessment_03_2018
1021,blackstar24,UCMS
1022,yeyinshi,tuzicms
1023,Tanganelli,CoAPthon
1024,sanluan,PublicCMS
1025,94fzb,zrlog
1026,NucleusCMS,NucleusCMS
1027,security-breachlock,CVE-2018-16636
1028,remix30303,AirBoxDoom
1029,rocktronica,OneFileCMS
1030,thunlp,THULAC
1031,bcsanches,dbf2txt
1032,zsjevilhex,iot
1033,portainer,portainer
1034,lichti,shodan-portainer
1035,GitHubAssessments,CVE_Assessment_04_2018
1036,HUILYUH,wancms
1037,remix30303,AirBoxAPNLeaks
1038,asciidoctor,asciidoctor
1039,samtools,htslib
1040,howchen,howchen
1041,0xB9,LayerBB-1.1.3-CSRF
1042,k-takata,Onigmo
1043,weison-tech,yii2-cms
1044,narkisr,nmap4j
1045,OISF,suricata
1046,iwannay,jiacrontab
1047,kirillwow,ids_bypass
1048,iamckn,eques
1049,Dolibarr,dolibarr
1050,pandujar,advisories
1051,nmap,nmap
1052,ClipperCMS,ClipperCMS
1053,phuctam,Server-Side-Template-Injection-in-CraftCMS-
1054,n00dles,ogma-CMS
1055,syoyo,tinyexr
1056,lmsgit,lms
1057,transmission,transmission
1058,yzmcms,yzmcms
1059,boofish,GE_Proficy_Machine_Edition_Vuln
1060,pedrib,PoC
1061,fs0c131y,ConPresentations
1062,Moddable-OpenSource,moddable
1063,requests,requests
1064,dreadlocked,netwave-dosvulnerability
1065,wkeyuan,DWSurvey
1066,CuppaCMS,CuppaCMS
1067,security-breachlock,CVE-2018-17300
1068,l0nax,CVE-2019-15053
1069,firefly-iii,firefly-iii
1070,idcos,Cloudboot
1071,Laravel-Backpack,CRUD
1072,poropro,kuaifan
1073,ivoschyk-cs,CVE-s
1074,libyal,libpff
1075,lexborisov,myhtml
1076,getgrav,grav
1077,fuzzlove,ATutor-Instructor-Backup-Arbitrary-File
1078,seedis,Z-BlogPHP
1079,LetUsFsck,PoC-Exploit-Mirror
1080,wangyifani,kkcms
1081,jsummers,imageworsener
1082,gaozhifeng,PHPMyWind
1083,lucaottoni,reflectedxss_nagios
1084,thinksaas,ThinkSAAS
1085,nipunsomani,Opencart-3.x.x-Authenticated-Stored-XSS
1086,aio-libs,aiohttp-session
1087,frappe,frappe
1088,astaxie,beego
1089,tats,w3m
1090,ctz,rustls
1091,TEAM-C4B,CVE-LIST
1092,pagekit,pagekit
1093,tarantula-team,Multiple-Cross-Site-Scripting-vulnerabilities-in-Zoho-ManageEngine
1094,BloodHoundAD,BloodHound
1095,sungjungk,fp-scanner-hacking
1096,ClusterLabs,libqb
1097,gchq,CyberChef
1098,kyz,libmspack
1099,RiieCco,write-ups
1100,guiciwushuang,yzmcms
1101,flatCore,flatCore-CMS
1102,Laracommerce,laracom
1103,fragrant10,fragrant10.github.io
1104,jofpin,trape
1105,silnrsi,graphite
1106,zerohax,RedmineUP-XSS
1107,easysoft,zentaopms
1108,ethanhunnt,IoT_vulnerabilities
1109,kbrw,sweet_xml
1110,hapijs,bassmaster
1111,ignitedcms,ignitedcms
1112,leanote,leanote
1113,Kc57,JitBit_Helpdesk_Auth_Bypass
1114,peacexie,imcat
1115,puppetlabs,puppet
1116,Barakat,CVE-2019-16098
1117,cribdragg3r,offensive_research
1118,unh3x,unh3x.github.io
1119,saltstack,salt
1120,lynndylanhurley,devise_token_auth
1121,daylightstudio,FUEL-CMS
1122,novaksolutions,infusionsoft-php-sdk
1123,benoitc,gunicorn
1124,horde,horde
1125,syuilo,misskey
1126,igraph,igraph
1127,verdaccio,verdaccio
1128,twbs,bootstrap
1129,tarantula-team,CVE-2019-12543
1130,insi2304,mongoose-6.13-fuzz
1131,google,google-api-cpp-client
1132,tarantula-team,CVE-2019-12542
1133,mapproxy,mapproxy
1134,clementine-player,Clementine
1135,ngallagher,simplexml
1136,fekberg,GoHttp
1137,BoostIO,Boostnote
1138,memononen,nanosvg
1139,security-provensec,CVE-2018-16625
1140,lemon666,vuln
1141,thinkgem,jeesite
1142,IckoGZ,CVE-2019-13027
1143,acassen,keepalived
1144,cccaaasser,1CRM-CVE
1145,formers,former
1146,Kitsun3Sec,exploits
1147,domoticz,domoticz
1148,storaged-project,udisks
1149,evolution-cms,evolution
1150,inveniosoftware,invenio-app
1151,bg5sbk,MiniCMS
1152,webpack,webpack-dev-server
1153,fleetcaptain,integria-takeover
1154,prasmussen,glot-code-runner
1155,IdentityServer,IdentityServer4
1156,Snorby,snorby
1157,Creatiwity,wityCMS
1158,numirias,security
1159,ethereum,ethereumj
1160,pentestpartners,snippets
1161,Kiss-sh0t,e107_v2.1.9_XSS_poc
1162,AntSwordProject,antSword
1163,zhuxianjin,vuln_repo
1164,JayXon,Leanify
1165,lucasgcilento,CVE
1166,JameelNabbo,Jinja2-Code-execution
1167,Moeditor,Moeditor
1168,zhuzhuyule,HexoEditor
1169,mgrube,CVE-2019-9673
1170,tarantula-team,CVE-2019-12538
1171,apragacz,django-rest-registration
1172,inveniosoftware,invenio-previewer
1173,kikulo,DebugOpen
1174,hisiphp,hisiphp
1175,savon-noir,python-libnmap
1176,tuyenhva,CVE-2019-12189
1177,FoolMitAh,CVE-2018-14729
1178,LiodAir,images
1179,evict,poc_CVE-2018-1002105
1180,Yeraze,ytnef
1181,tarantula-team,CVE-2019-12949
1182,archivesunleashed,borg-reducer
1183,SpiderLabs,owasp-modsecurity-crs
1184,aquynh,capstone
1185,paypal,adaptivepayments-sdk-php
1186,simsong,tcpflow
1187,Tencent,HaboMalHunter
1188,security-provensec,CVE-2018-16626
1189,holychang,maccms8
1190,tarantula-team,CVE-2019-12541
1191,cebe,markdown
1192,rakjong,vuln
1193,projectsend,projectsend
1194,miniupnp,miniupnp
1195,cskaza,cszcms
1196,bnbdr,wd-rce
1197,9lyph,CVE-2019-12836
1198,f1tz,CVE_Request
1199,b3log,solo
1200,PHPOffice,PhpSpreadsheet
1201,fs0c131y,SamsungLocker
1202,getgridea,gridea
1203,urllib3,urllib3
1204,Gr4y21,My-CVE-IDs
1205,alt3kx,CVE-2019-10685
1206,ilosuna,mylittleforum
1207,wp-statistics,wp-statistics
1208,darconeous,libnyoci
1209,gscamelo,CVE-2018-20580
1210,hkglue,simditor_dom_xss
1211,hkglue,simditor_demo.git
1212,security-provensec,CVE-2018-16639
1213,security-breachlock,CVE-2018-16623
1214,axios,axios
1215,tuyenhva,CVE-2019-12190
1216,yogeshshe1ke,CVE
1217,security-breachlock,CVE-2018-16624
1218,kohana,kohana
1219,neex,gifoeb
1220,sinatra,sinatra
1221,foxglovesec,JavaUnserializeExploits
1222,jquery,jquery
1223,hercules-team,augeas
1224,php,php-src
1225,twigphp,Twig
1226,lcytxw,bug_repro
1227,kamailio,kamailio
1228,lavv17,lftp
1229,BigNerd95,WinboxExploit
1230,BasuCert,WinboxPoC
1231,yxcmf,ukcms
1232,leenooks,phpLDAPadmin
1233,urbanadventurer,WhatWeb
1234,dhananjay-bajaj,e107_2.1.8_csrf
1235,cumtxujiabin,CmsPoc
1236,EmreOvunc,CyBroHttpServer-v1.0.3-Directory-Traversal
1237,lazyphp,PESCMS-TEAM
1238,daveismyname,simple-cms
1239,chshcms,cscms
1240,fmsdwifull,tp5cms
1241,lengjibo,lengjibo.github.io
1242,auracms,AuraCMS
1243,star7th,showdoc
1244,EmreOvunc,CyBroHttpServer-v1.0.3-Reflected-XSS
1245,DownWithUp,CVE-2018-15499
1246,Juunan06,eCommerce
1247,dusaurabh,PHP
1248,ysrc,xunfeng
1249,embedthis,appweb
1250,MichaelWayneLIU,seacms
1251,sbmzhcn,EmpireCMS
1252,libyal,libesedb
1253,GitHubAssessments,CVE_Assessment_02_2018
1254,undefinedmode,CVE-2018-6643
1255,Vict00r,poc
1256,top-think,framework
1257,doramart,DoraCMS
1258,adilinden,cisco-config-manager
1259,libyal,libfsclfs
1260,Jas0nwhy,vulnerability
1261,unlcms,UNL-CMS
1262,alterebro,WeaselCMS
1263,quickapps,cms
1264,teameasy,EasyCMS
1265,gleez,cms
1266,smiffy6969,razorCMS
1267,dhananjay-bajaj,E107-v2.1.8-XSS-POC
1268,security-breachlock,CVE-2018-17301
1269,security-breachlock,CVE-2018-16447
1270,baigoStudio,baigoCMS
1271,dignajar,nibbleblog
1272,jumpscale7,jumpscale_portal
1273,0-complexity,openvcloud
1274,magic-FE,translate-man
1275,foosel,OctoPrint
1276,logological,gpp
1277,VictorAlagwu,CMSsite
1278,xxy961216,attack-baijiacmsV4-with-blind-sql-injection
1279,MicroPyramid,Django-CRM
1280,xxy961216,attack-baijiacmsV4-with-xss
1281,smarty-php,smarty
1282,ky-j,dedecms
1283,n0pn0pn0p,smart_contract_-vulnerability
1284,wacj1425,yiqicms
1285,source-trace,yunucms
1286,TEag1e,zzcms
1287,inikep,lizard
1288,drk1wi,portspoof
1289,maelosoki,MaeloStore
1290,AvaterXXX,CScms
1291,lemire,simdcomp
1292,TREYWANGCQU,LANKERS
1293,Jayl1n,CVE
1294,vbirds,Tinyftp
1295,wernsey,bitmap
1296,WAVM,WAVM
1297,0x09AL,0x09al.github.io
1298,redaxo,redaxo4
1299,x-f1v3,ForCve
1300,Pbootcms,Pbootcms
1301,yanchongchong,swallow
1302,remix30303,AsusXSS
1303,eclipse,jetty.project
1304,remix30303,AirboxLeak
1305,datadancer,HIAFuzz
1306,AvaterXXX,DESTOON
1307,sandyre,libopencad
1308,SukaraLin,php_code_audit_project
1309,security-breachlock,CVE-2018-17302
1310,blendin,pocs
1311,AvaterXXX,SEMCMS
1312,TiffanyBlue,PoCbyMyself
1313,embedi,CVE-2017-11882
1314,0x09AL,CVE-2017-11882-metasploit
1315,unamer,CVE-2017-11882
1316,rxwx,CVE-2017-11882
1317,qiubaoyang,CVEs
1318,top-think,think
1319,m3lon,XSS-Expoit
1320,qzw1210,springboot_authority
1321,bazad,ctl_ctloutput-leak
1322,blynkkk,blynk-server
1323,parcel-bundler,parcel
1324,sparksuite,simplemde-markdown-editor
1325,chemcms,ChemCMS
1326,MrR3boot,CVE-Hunting
1327,nixwizard,CVE-2018-15365
1328,YMFE,yapi
1329,JpressProjects,jpress
1330,remix30303,AsusLeak
1331,wuweiit,mushroom
1332,laolisafe,Kimsq
1333,redaxo,redaxo
1334,Xmansec,seacms_vul
1335,librenms,librenms
1336,cmsmadesimple,cmsmadesimple-2-0
1337,chekun,DiliCMS
1338,Yoast,wordpress-seo
1339,neo4j,neo4j
1340,vert-x3,vertx-web
1341,ZBWACD,CodeAudit
1342,ZhiyuanWang-Chengdu-Qihoo360,Malwarebytes_POC
1343,abeluck,stegdetect
1344,Leslie1sMe,laravelCMS
1345,Teakki,issue
1346,AvaterXXX,MiniCms
1347,0xUhaw,CVE-Bins
1348,BYVoid,OpenCC
1349,Boolector,boolector
1350,microweber,microweber
1351,AvaterXXX,catfish
1352,AvaterXXX,douchat
1353,Verytops,verydows
1354,kindsoft,kindeditor
1355,gquere,CVE-2017-6913
1356,zchuanzhao,jeesns
1357,mpdf,mpdf
1358,doublefast,yunucms
1359,spray,spray-json
1360,WhiteRabbitc,WhiteRabbitc.github.io
1361,JaxsonWang,WP-Editor.md
1362,taosir,wtcms
1363,AvaterXXX,XiaoCms
1364,martinzhou2015,SRCMS-dev
1365,ethereum,py-evm
1366,millken,doyocms
1367,bagesoft,bagecms
1368,Ni9htMar3,vulnerability
1369,AlwaysHereFight,monstra_cms-3.0.4--getshell
1370,httl,httl
1371,chenfeizhou,sikcms-v1.1
1372,himanshurahi,e107_2.1.9_CSRF_POC
1373,insi2304,mongoose-fuzz
1374,novysodope,Z-BlogPHP1.5Zero
1375,assnr,arcms
1376,sgayou,subaru_starlink_research
1377,ansilove,libansilove
1378,Yan-1-20,Yan-1-20.github.io
1379,HF9,yxcms-code-audit
1380,marshmallow-code,webargs
1381,cnxh,1024tools
1382,privacyidea,privacyidea
1383,JackDoan,TP-Link-ArcherC5-RCE
1384,Spicy1chicken,test
1385,UltimateHackers,Shiva
1386,Bixie,pagekit-portfolio
1387,securesystemslab,periscope
1388,baijiacms,baijiacmsV4
1389,jupyter,notebook
1390,ipython,ipython
1391,thephpleague,commonmark
1392,magicSwordsMan,PAAFS
1393,gnat,nc-cms
1394,pmd,pmd
1395,source-trace,beescms
1396,sqlalchemy,sqlalchemy
1397,no-security,sqlalchemy_test
1398,yangsuda,mopcms
1399,615,VulnPoC
1400,tamlok,vnote
1401,NS-Sp4ce,ZZCMS-XSS
1402,fakerrr,CmsEasy_7.0
1403,wowwooo,vnotes
1404,mzet-,Security-Advisories
1405,shadowsock5,ThinkCMF-5.0.190111
1406,8test,pentest
1407,MailCleaner,MailCleaner
1408,mpv-player,mpv
1409,huzr2018,orderby_SQLi
1410,pudding2,enphase-energy
1411,SublimeTextIssues,Core
1412,Sunvas,Eleanor-CMS
1413,GreenFoxy,Smart-contract-Vulnerabilities
1414,gongfuxiang,schoolcms
1415,rossant,ipycache
1416,source-trace,appcms
1417,PearlyNautilus,Security-Code-Review
1418,ManhNho,CVEs
1419,blazeinfosec,advisories
1420,seedis,zzcms-xss
1421,jadacheng,vulnerability
1422,forgeekscn,sftnow
1423,ClusterLabs,pacemaker
1424,taogogo,taocms
1425,Kyhvedn,CVE_Description
1426,w4fz5uck5,FTPGetter
1427,zhaopengme,gitnote
1428,mkucej,i-librarian
1429,mikelbring,tinyissue
1430,hamkovic,Mail-Masta-Wordpress-Plugin
1431,yaniswang,xhEditor
1432,strukturag,libheif
1433,livehybrid,poc-cribl-rce
1434,pytroll,donfig
1435,615,cms_vuln
1436,arterli,CmsWing
1437,hyyyp,HYBBS2
1438,preempt,credssp
1439,guobaoyou,vul_environment
1440,AndyRixon,LayerBB
1441,fs0c131y,CVE-2018-20555
1442,warringaa,CVEs#glory-systems-rbw-100
1443,ShaoGongBra,dhcms
1444,kyrie403,Vuln
1445,lmy1342554547,p2pProject
1446,lota,phamm
1447,Stephen-Tech,UCMS
1448,payfort,payfort-php-sdk
1449,beyond7176,njiandan-cms
1450,coreos,etcd
1451,security-breachlock,CVE-2018-16634
1452,S-LBK,teleport
1453,knik0,faac
1454,thinkcmf,cmfx
1455,bigric3,windrvr1260_poc4
1456,woider,ArticleCMS
1457,xpleaf,Blog_mini
1458,litespeedtech,openlitespeed
1459,security-breachlock,CVE-2018-16628
1460,RektInator,cod-steamauth-rce
1461,mongodb,mongo-python-driver
1462,security-breachlock,CVE-2018-16631
1463,OpenRefine,OpenRefine
1464,bagder,curl
1465,security-breachlock,CVE-2015-5454
1466,sharemice,phpcms_xss
1467,Dogfalo,materialize
1468,m3lon,CVE
1469,security-breachlock,CVE-2018-19596
1470,security-breachlock,CVE-2018-19598
1471,Uninett,mod_auth_mellon
1472,klenergy,ethereum-contracts
1473,paypal,merchant-sdk-php
1474,bigric3,windrvr1260_poc3
1475,security-breachlock,CVE-2018-19901
1476,cuba-platform,reports
1477,rhymix,rhymix
1478,security-breachlock,CVE-2018-19600
1479,esotalk,esoTalk
1480,security-breachlock,CVE-2018-16629
1481,novysodope,Qibosoft-CMS
1482,mate-desktop,mate-screensaver
1483,cooltey,C.P.Sub
1484,libguestfs,hivex
1485,teeworlds,teeworlds
1486,python,bugs.python.org
1487,ISCAS-Vulab,PoC_Nebula-Capsule-Pro-Wifi
1488,creditease-sec,insight
1489,QQ704568679,-
1490,Tautulli,Tautulli-Issues
1491,mcw0,PoC
1492,EmreOvunc,OpenSource-ERP-SQL-Injection
1493,mz-automation,lib60870
1494,craftercms,craftercms
1495,outflanknl,Exploits
1496,pixelimity,pixelimity
1497,security-breachlock,CVE-2018-19508
1498,rdincel1,Bolt-CMS-3.6.2---Cross-Site-Scripting
1499,security-breachlock,CVE-2018-19597
1500,dependabot,elixir-security-advisories
1501,Quindecim,Orbis-Exploit-5.x
1502,spotify,luigi
1503,Wechat-Group,weixin-java-tools
1504,Xmansec,cmsms_vul
1505,wuyouzhuguli,FEBS-Shiro
1506,advisto,peel-shopping
1507,davidrthorn,cross_reference
1508,siteserver,cms
1509,security-breachlock,CVE-2018-16630
1510,security-breachlock,CVE-2018-16632
1511,jimmykuu,gopher
1512,security-breachlock,CVE-2018-19903
1513,security-breachlock,CVE-2018-19906
1514,Paroxyste,Simply-Blog
1515,rocboss,ROCBOSS
1516,schettino72,sqla_yaml_fixtures
1517,mwrlabs,CVE-2018-4121
1518,fdbao,UsualToolCMS
1519,inf0seq,inf0seq.github.io
1520,ARM-software,arm-trusted-firmware
1521,audreyt,module-signature
1522,railsdog,spree
1523,atutor,ATutor
1524,kbni,owlky
1525,bigric3,poc2
1526,logern5,c1000a_xss
1527,vedees,wcms
1528,qinggan,phpok
1529,django,django
1530,quassel,quassel
1531,Twi1ight,fuzzing-pocs
1532,security-breachlock,CVE-2018-16633
1533,doorgets,CMS
1534,security-breachlock,CVE-2018-16635
1535,xuxueli,xxl-conf
1536,eclipse,rdf4j
1537,security-breachlock,CVE-2018-19507
1538,Jxysir,YZM-CSRF-
1539,processing,processing
1540,devinsmith,libexcel
1541,security-breachlock,CVE-2018-16627
1542,source-trace,semcms
1543,wstmall,wstmart
1544,lisa-lab,pylearn2
1545,rdincel1,Craft-CMS-3.0.25---Cross-Site-Scripting
1546,dexter2206,ymlref
1547,security-breachlock,CVE-2018-19506
1548,security-breachlock,CVE-2018-16638
1549,SwftCoins,SwftCoin
1550,caryll,otfcc
1551,hs-web,hsweb-framework
1552,security-breachlock,CVE-2018-19845
1553,nightflyza,Ubilling
1554,security-breachlock,CVE-2018-19902
1555,security-breachlock,CVE-2018-19918
1556,Sama34,OUGC-Awards
1557,security-breachlock,CVE-2018-19601
1558,TeamEasy,EasyCMS
1559,irsl,knc-memory-exhaustion
1560,Veeeooo,phpwind
1561,Ppsoft1990,Metinfo6.1.3
1562,NexxusUniversity,nexxuscoin
1563,security-breachlock,CVE-2018-19844
1564,ptaoussanis,sente
1565,Wechat-Group,WxJava
1566,security-breachlock,CVE-2018-16637
1567,chatopera,cosin
1568,ucbrise,opaque
1569,pypiserver,pypiserver
1570,security-breachlock,CVE-2018-19904
1571,buildbot,buildbot
1572,security-breachlock,CVE-2018-19905
1573,Eas3n,Vulnerabilities
1574,zeromq,libzmq
1575,horazont,aioxmpp
1576,X2Engine,X2CRM
1577,osclass,Osclass
1578,the-tcpdump-group,tcpdump
1579,irsl,ADB-Backup-APK-Injection
1580,silverstripe,sapphire
1581,IlchCMS,Ilch-2.0
1582,open-classifieds,openclassifieds2
1583,gogits,gogs
1584,liu21st,onethink
1585,AvaterXXX,emlsoft
1586,AvaterXXX,ZZCMS
1587,AvaterXXX,QCMS
1588,flexpaper,pdf2json
1589,paypal,permissions-sdk-php
1590,paypal,invoice-sdk-php
1591,TonyKentClark,MyCodeAudit
1592,havysec,Useful_Code
1593,GitHaaH,issue
1594,dilawar,sound
1595,robiso,wondercms
1596,vah13,extractTVpasswords
1597,thm,SansCMS
1598,ytsutano,axmldec
1599,AvaterXXX,Metinfo---XSS
1600,SecWiki,CMS-Hunter
1601,mitmproxy,mitmproxy
1602,cyberhobo,wordpress-geo-mashup
1603,pudding2,CVE-2018-14083
1604,ponchio,untrunc
1605,cc-crack,router
1606,rebill,xiaocms-x1
1607,maoGod,xyhcms
1608,instantsoft,icms2
1609,martinzhou2015,SRCMS
1610,matthiaskramm,swftools
1611,xwlrbh,Catfish
1612,actionyz,ZZCMS
1613,921580451,RealOnePlayer-sBug
1614,OpenSID,OpenSID
1615,qutebrowser,qutebrowser
1616,WangYihang,Codiad-Remote-Code-Execute-Exploit
1617,symfony,symfony
1618,barryvdh,laravel-debugbar
1619,jjanier,axml
1620,martinh,libconfuse
1621,V33RU,Invoice-Plane-XSS
1622,pngwriter,pngwriter
1623,fatcerberus,minisphere
1624,wstmall,wstmall
1625,grails-fields-plugin,grails-fields
1626,aaugustin,websockets
1627,unh3x,just4cve
1628,triplea-game,triplea
1629,lzlzh2016,easymagazine
1630,lzlzh2016,CraftedWeb
1631,umlet,umlet
1632,lsh123,xmlsec
1633,pkp,pkp-lib
1634,chenrui1896,issue
1635,p8w,akcms
1636,XIMDEX,ximdex
1637,oswetto,LoboEvolution
1638,raydac,netbeans-mmd-plugin
1639,ruby,ruby
1640,kofa2002,splunk
1641,lzlzh2016,CVE
1642,kongxin520,YzmCMS
1643,shy2850,node-server
1644,EmreOvunc,Eaton-Intelligent-Power-Manager-Local-File-Inclusion
1645,helloheary,SGIN.CN-V9.4.10-product-has-XSS-in-login-page
1646,luin,medis
1647,IceEnd,Yosoro
1648,TylerGarlick,angular-redactor
1649,zorlan,skycaiji
1650,EmreOvunc,mySCADA-myPRO-7-projectID-Disclosure
1651,fanyibo2009,cscms
1652,DediData,wpforo
1653,Blck4,HUE-Exploit
1654,yupoxiong,BearAdmin
1655,gouguoyin,phprap
1656,edwardz246003,misc
1657,zhaoheng521,PbootCMS
1658,TekerFue,YXcms-Code-Audit
1659,TekerFue,SDcms-Code-Audit
1660,anhkgg,poc
1661,otavioarj,SIOCtl
1662,kgsdy,D-Link-DSL-3782-EU
1663,serghey-rodin,vesta
1664,axublog,axublog
1665,Kliqqi-CMS,Kliqqi-CMS
1666,datenstrom,yellow
1667,faizzaidi,Composr-CMS-10.0.13-Cross-Site-Scripting-XSS
1668,laurent22,joplin
1669,rockiger,akiee
1670,brannondorsey,radio-thermostat
1671,goodrain-apps,chanzhieps
1672,vQAQv,Request-CVE-ID-PoC
1673,SECFORCE,CVE-2018-8941
1674,iceMatcha,Some-Vulnerabilities-of-D-link-Dir815
1675,hi-KK,CVE-Hunter
1676,nikhil1232,Cockpit-CMS-XSS-POC
1677,SukaraLin,Drops
1678,Kotti,Kotti
1679,cherryla,zzcms
1680,pradeepjairamani,TYPO3-XSS-POC
1681,airbnb,knowledge-repo
1682,learnsec6,test
1683,CREDITWEST,CWCMS
1684,yaxuan404,OTCMS_3.2
1685,xuheunbaicai,cangku
1686,ttylx,Cve_reveal
1687,oyeahtime,test
1688,zxyxx,cmsms_vul
1689,hucmosin,Python_Small_Tool
1690,mspaling,mbam-exclusions-poc-
1691,textpattern,textpattern
1692,D0neMkj,POC_BSOD
1693,libevent,libevent
1694,faizzaidi,GeniXCMS-Version-1.1.0-Cross-Site-Scripting-XSS
1695,myndtt,vulnerability
1696,D0neMkj,EXP_IOT
1697,TheBeeMan,Pwning-multiple-dlink-router-via-SOAP-proto
1698,theyiyibest,AWStatsFullPathDisclosure
1699,spencerdodd,public-writeups
1700,SQYY,CVE
1701,erpscanteam,CVE-2018-2380
1702,CouchCMS,CouchCMS
1703,bitpay,insight-api
1704,0pc0deFR,wordpress-sploit-framework
1705,0pc0deFR,Exploits
1706,AntsKnows,CVE
1707,kongxin520,DedeCMS
1708,mautic,mautic
1709,pradeepjairamani,WolfCMS-XSS-POC
1710,ZhiyuanWang-Chengdu-Qihoo360,Micropoint_POC
1711,ZhiyuanWang-Chengdu-Qihoo360,Jiangmin_Antivirus_POC
1712,ZhiyuanWang-Chengdu-Qihoo360,WatchDog_AntiMalware_POC
1713,kgsdy,D-Link-DIR-629
1714,Khwarezmia,WPS_POC
1715,formspree,formspree
1716,Hurdano,JavaMelody-XSS
1717,openssl,openssl
1718,ZhiyuanWang-Chengdu-Qihoo360,MaxSecureAntivirus_POC
1719,whiteHat001,DRIVER_POC
1720,CosmoCMS,Cosmo
1721,dwfault,PoCs
1722,spesmilo,electrum
1723,lihonghuyang,vulnerability
1724,bitfu,uc-httpd-1.0.0-buffer-overflow-exploit
1725,juliangruber,brace-expansion
1726,pocoproject,poco
1727,cmaruti,reports
1728,cryptonotefoundation,cryptonote
1729,Arsenal21,simple-download-monitor
1730,afaqurk,linux-dash
1731,rubyfly,K7AntiVirus_POC
1732,ibey0nd,CVE
1733,invoiceninja,invoiceninja
1734,00theway,exp
1735,Bypass007,vuln
1736,Elvin9,NotSecDrv
1737,convisoappsec,advisories
1738,mwarning,KadNode
1739,mazen160,struts-pwn
1740,jcupitt,libvips
1741,r3naissance,NSE
1742,Gnoxter,mountain_goat
1743,forkcms,forkcms
1744,shish,shimmie2
1745,vadz,libtiff
1746,ZhiyuanWang-Chengdu-Qihoo360,EscanAV_POC
1747,Mindwerks,wildmidi
1748,cobbler,cobbler
1749,sshipway,routers2
1750,ruby,openssl
1751,apple,cups
1752,jgraph,mxgraph
1753,cnvs,canvas
1754,pravednik,xmlBundle
1755,elabftw,elabftw
1756,IJHack,QtPass
1757,stefanesser,suhosin
1758,BookStackApp,BookStack
1759,mushorg,glastopf
1760,securifera,CVE-2018-6546-Exploit
1761,RisingStack,protect
1762,jduck,asus-cmd
1763,QQ704568679,YXcms-Code-audit
1764,zlgxzswjy,BUI-select-xss
1765,AlwaysHereFight,YZMCMSxss
1766,0xWfox,Winmail
1767,ezelf,AntiWeb_testing-Suite
1768,mantisbt,mantisbt
1769,openstack,nova
1770,openstack,horizon
1771,Legrandin,pycrypto
1772,melkote,mochiweb
1773,owncloud,core
1774,SUSE-Cloud,barclamp-deployer
1775,sivann,itdb
1776,halostatue,minitar
1777,justinhunt,moodle-filter_poodll
1778,PhalconEye,phalconeye
1779,phreebooks,PhreeBooksERP
1780,Matroska-Org,foundation-source
1781,xdrr,webapp-exploits
1782,Telaxus,EPESI
1783,FenixHosting,fenix-open-source
1784,groovel,cmsgroovel
1785,tboothman,imdbphp
1786,Gargaj,wuhu
1787,jqueryfiletree,jqueryfiletree
1788,ionize,ionize
1789,Smith0r,burgundy-cms
1790,andrzuk,FineCMS
1791,INTER-Mediator,INTER-Mediator
1792,slims,slims7_cendana
1793,reasoncms,reasoncms
1794,k0keoyo,Driver-Loaded-PoC
1795,sahildhar,sahildhar.github.io
1796,mmmxny,K7-Antivirus
1797,Tatsh,pngdefry
1798,sheehan,grails-console
1799,devryan,GamePanelX-V3
1800,hfiref0x,LightFTP
1801,theguly,CVE-2017-14105
1802,realistic-security,CVE-2017-16524
1803,concrete5,concrete5-legacy
1804,paintballrefjosh,MaNGOSWebV4
1805,hamkovic,Admidio-3.2.5-SQLi
1806,cbayet,Exploit-CVE-2017-6008
1807,octobercms,october
1808,python-imaging,Pillow
1809,rubyfly,IKARUS_POC
1810,ZoneMinder,ZoneMinder
1811,ellson,graphviz
1812,NaturalIntelligence,wp-thumb-post
1813,file,file
1814,lepture,mistune
1815,themoken,canto-curses
1816,JamesIT,vuln-advisories-
1817,E2OpenPlugins,e2openplugin-OpenWebif
1818,faizzaidi,Wolfcms-v0.8.3.1-xss-POC-by-Provensec-llc
1819,psycopg,psycopg2
1820,yangchonghui2017,cve
1821,teknoraver,aacplusenc
1822,rezhish,NexusPHP
1823,phantom0301,vulns
1824,JojoCMS,Jojo-CMS
1825,delta,pragyan
1826,axkibe,lsyncd
1827,leonzhao7,vulnerability
1828,jsj730sos,Vulnerability-details
1829,johndyer,mediaelement
1830,UUUUnotfound,cve-2017-12792
1831,bingtanguan,cve
1832,schneems,wicked
1833,channelcat,sanic
1834,ud2,advisories
1835,substack,node-syntax-error
1836,C0der1iu,Nexusphppoc
1837,visionmedia,send
1838,Duncaen,prettyphoto
1839,kevins1022,cve
1840,oyvindkinsey,easyXDM
1841,taglib,taglib
1842,jborg,attic
1843,libreswan,libreswan
1844,oyejorge,gpEasy-CMS
1845,bramkorsten,Note
1846,wlinzi,security_advisories
1847,realtimeprojects,quixplorer
1848,volca,markdown-preview
1849,curlyboi,hashtopus
1850,citymont,symetrie
1851,GlobizSolutions,snowfox
1852,XiaoZhis,ProjectSend
1853,TheFirstQuestion,HelpMeWatchWho
1854,Xyntax,POC-T
1855,ioquake,ioq3
1856,getusedtoit,wp-slimstat
1857,shadow4u,goaheaddebug
1858,blueriver,MuraCMS
1859,offensive-security,exploit-database
1860,loomio,loomio
1861,zencart,zencart
1862,ladybirdweb,faveo-helpdesk
1863,milesj,php-decoda
1864,vstakhov,rspamd
1865,dagolden,Capture-Tiny
1866,s9y,Serendipity
1867,gitsucce,nexusphp
1868,yzcrnx,finecms
1869,kzar,watchadblock
1870,pgbouncer,pgbouncer
1871,kraih,mojo
1872,libguestfs,libguestfs
1873,mjg59,linux
1874,payatu,QuickHeal
1875,trollepierre,tdm
1876,Ha0Team,crash-of-sqlite3
1877,mikel,mail
1878,SquareSquash,web
1879,pslegr,core-1
1880,osclass,OSClass
1881,0ang3el,unsafe-xmlrpc
1882,kohler,t1utils
1883,stealth,troubleshooter
1884,micromata,projectforge-webapp
1885,jboss-fuse,fuse
1886,newsoft,libvncserver
1887,sup-heliotrope,sup
1888,htacg,tidy-html5
1889,happyworm,jPlayer
1890,nowsecure,samsung-ime-rce-poc
1891,thoughtbot,paperclip
1892,FFmpeg,FFmpeg
1893,offensive-security,exploit-database-bin-sploits
1894,openid,php-openid
1895,ivmai,bdwgc
1896,Eugeny,ajenti
1897,djblets,djblets
1898,IAIK,wolfSSL-DoS
1899,mitsuhiko,jinja2
1900,borfast,arrispwgen
1901,rjbs,Email-Address
1902,geir54,php-sqrl
1903,kajona,kajonacms
1904,znc,znc
1905,geddy,geddy
1906,sgminer-dev,sgminer
1907,ckolivas,cgminer
1908,luke-jr,bfgminer
1909,ASKBOT,askbot-devel
1910,bblanchon,ArduinoJson
1911,vrtadmin,clamav-devel
1912,kneecht,adminsystems
1913,fusesource,hawtjni
1914,ZF-Commons,ZfcUser
1915,joswr1ght,drozer-modules
1916,SpiderLabs,ModSecurity
1917,fail2ban,fail2ban
1918,bittorrent,bootstrap-dht
1919,desrt,systemd-shim
1920,rhuss,jolokia
1921,LimeSurvey,LimeSurvey
1922,lingej,pnp4nagios
1923,mayan-edms,mayan-edms
1924,corosync,corosync
1925,openstack,heat-templates
1926,github,hub
1927,leizongmin,tomato
1928,Katello,katello-installer
1929,artemharutyunyan,getmecamtool
1930,mkdynamic,omniauth-facebook
1931,jenkinsci,subversion-plugin
1932,rjmackay,Ushahidi_Web
1933,reviewboard,reviewboard
1934,openSUSE,kiwi
1935,esl,MongooseIM
1936,bonzini,qemu
1937,flowplayer,flowplayer
1938,aczire,huawei-csrf-info_disclosure
1939,glensc,file
1940,OTRS,otrs
1941,mybb,mybb
1942,Elgg,Elgg
1943,mrash,fwsnort
1944,lxc,lxc
1945,fatfreecrm,fat_free_crm
1946,rackerlabs,openstack-guest-agents-windows-xenserver
1947,openid,ruby-openid
1948,joomla,joomla-cms
1949,shookalabs,exploits
1950,polarssl,polarssl
1951,rcook,rgpg
1952,gallery,gallery3
1953,graphite-project,graphite-web
1954,Cotonti,Cotonti
1955,moxiecode,moxieplayer
1956,LawnGnome,php-radius
1957,lift,framework
1958,moxiecode,plupload
1959,Jabberd2,jabberd2
1960,webmin,webmin
1961,jnunemaker,crack
1962,jnunemaker,httparty
1963,datamapper,extlib
1964,mono,mono
1965,Katello,katello
1966,openshift,origin-server
1967,silverstripe,silverstripe-cms
1968,openstack,keystone
1969,SUSE-Cloud,barclamp-crowbar
1970,darold,squidclamav
1971,android,platform_bionic
1972,ezsystems,ezjscore
1973,rodnaph,sockso
1974,ushahidi,Ushahidi_Web
1975,opscode,chef
1976,ned14,nedmalloc
1977,revolutionary,zergRush
1978,Illydth,wowraidmanager
